[
    {
        "id": 11,
        "instituicao": "Vestibular",
        "materia": "Matemática",
        "topicos": ["Equações", "Equação do 2º Grau"],
        "nivel": "medio",
        "enunciado": "Utilizando a fórmula de Bhaskara, encontre as raízes da equação $$x^2 - 5x + 6 = 0$$. A fórmula é dada por $$x = \\frac{-b \\pm \\sqrt{b^2-4ac}}{2a}$$",
        "opcoes": [
            { "texto": "$$x_1=2, x_2=3$$", "correta": true },
            { "texto": "$$x_1=-2, x_2=-3$$", "correta": false },
            { "texto": "$$x_1=1, x_2=6$$", "correta": false }
        ]
    },
    {
        "id": 12,
        "instituicao": "Enem",
        "materia": "Biologia",
        "topicos": ["Citologia", "Organelas"],
        "nivel": "facil",
        "enunciado": "A organela celular indicada na imagem, responsável pela respiração celular e produção de ATP, é a:",
        "imagemURL": "https://placehold.co/400x250/EFEFEF/333333?text=Diagrama+de+uma+Célula",
        "opcoes": [
            { "texto": "Complexo de Golgi", "correta": false },
            { "texto": "Retículo Endoplasmático", "correta": false },
            { "texto": "Mitocôndria", "correta": true },
            { "texto": "Lisossomo", "correta": false }
        ]
    },
    {
        "id": 13,
        "instituicao": "Fuvest",
        "materia": "Física",
        "topicos": ["Mecânica", "Leis de Newton"],
        "nivel": "dificil",
        "enunciado": "No sistema representado na imagem, considerando a polia e o fio ideais e que não há atrito, qual é a aceleração $a$ do sistema, sabendo que $F = m \\cdot a$?",
        "imagemURL": "https://placehold.co/400x200/EFEFEF/333333?text=Diagrama+de+Blocos+e+Polia",
        "opcoes": [
            { "texto": "$$a = \\frac{m_2 g}{m_1 + m_2}$$", "correta": true },
            { "texto": "$$a = \\frac{m_1 g}{m_2}$$", "correta": false },
            { "texto": "$$a = g$$", "correta": false }
        ]
    },
    { "id": 1, "instituicao": "Enem", "materia": "Matemática", "topicos": ["Operações Básicas", "Soma"], "nivel": "facil", "enunciado": "Quanto é 125 + 475?", "opcoes": [{ "texto": "500", "correta": false }, { "texto": "600", "correta": true }, { "texto": "700", "correta": false }] },
    { "id": 3, "instituicao": "Fuvest", "materia": "Matemática", "topicos": ["Razão e Proporção", "Regra de Três Simples"], "nivel": "medio", "enunciado": "Se 3 torneiras enchem um tanque em 9 horas, em quanto tempo 9 torneiras encheriam o mesmo tanque?", "opcoes": [{ "texto": "3 horas", "correta": true }, { "texto": "6 horas", "correta": false }, { "texto": "1 hora", "correta": false }] },
    { "id": 5, "instituicao": "Unicamp", "materia": "Português", "topicos": ["Gramática", "Crase"], "nivel": "medio", "enunciado": "Qual frase abaixo emprega o acento grave indicativo da crase corretamente?", "opcoes": [{ "texto": "Fui a praia no feriado.", "correta": false }, { "texto": "O autor se referiu àquelas teorias.", "correta": true }, { "texto": "Ele começou a fazer o trabalho.", "correta": false }] }
]
